{"meta": {"format": 3, "version": "7.11.0", "timestamp": "2026-01-12T18:29:51.270649", "branch_coverage": false, "show_contexts": false}, "files": {"actions/dev/sync.py": {"executed_lines": [1, 7, 9, 10, 11, 13, 14, 17, 18, 19, 20, 21, 24, 25, 27, 28, 29, 30, 31, 33, 35, 36, 37, 38, 39, 40, 42, 43, 46, 47, 50, 51, 54, 55, 56, 57, 58, 59, 62, 63, 64, 65, 67, 70, 71, 72, 75, 76, 77, 79, 80, 84, 85, 86, 87, 88, 89, 91, 93, 94, 95, 96, 98, 99, 101, 102, 106, 107, 108, 111, 118, 119, 120, 122, 123, 125, 126, 129, 130, 131, 134, 135, 137, 140, 145, 146, 147, 149, 150, 151, 153, 154, 157, 158, 159, 162, 163, 165, 168, 169, 176, 178, 179, 180, 181, 182, 183, 184, 186, 188, 189, 190, 191, 192, 193, 195, 199, 200, 203, 204, 207, 217, 218, 219, 220, 221, 222, 223, 225, 226, 227, 228, 229, 230, 232, 233, 234, 235, 236, 237, 238, 239, 240, 243, 244, 245, 246, 249, 251, 252, 253, 254, 256, 257, 258, 259, 260, 265, 267, 268, 270, 271, 272, 274, 275, 279, 284, 285, 286, 288, 289, 290, 292, 293, 296, 297, 298, 301, 302, 304, 307, 308, 310, 311, 312, 313, 314, 316, 318, 319, 320, 321, 322, 323, 325, 329, 330, 333, 334, 336, 337, 338, 339, 340, 341, 342, 343, 344, 345, 346, 347, 348, 349, 350, 351, 352, 353, 354, 355, 356, 359, 360, 361, 362, 365, 367, 368, 369, 370, 371, 372, 373, 374, 377, 407, 409, 410, 411, 414, 419, 420, 421, 423, 424, 425, 427, 428, 431, 432, 433, 436, 437, 439, 442, 447, 448, 449, 451, 452, 454, 455, 457, 458, 459, 460, 461, 462, 463, 464, 466, 467, 470, 471, 472, 473, 474, 475, 476, 477, 478, 479, 480, 481, 482, 483, 484, 485, 486, 487, 492, 493, 494, 495, 496, 498, 499, 500, 501, 502, 503, 504, 505, 506, 507, 508, 516, 518, 519, 520, 523], "summary": {"covered_lines": 308, "num_statements": 371, "percent_covered": 83.01886792452831, "percent_covered_display": "83", "missing_lines": 63, "excluded_lines": 0}, "missing_lines": [48, 49, 60, 61, 73, 74, 81, 103, 105, 196, 201, 202, 241, 242, 247, 248, 263, 264, 276, 326, 331, 332, 357, 358, 363, 364, 380, 381, 382, 383, 384, 385, 386, 387, 388, 389, 390, 391, 392, 393, 394, 395, 396, 397, 398, 399, 400, 401, 402, 403, 404, 405, 465, 468, 469, 488, 489, 509, 510, 512, 513, 514, 515], "excluded_lines": [], "functions": {"_ArrangeCallTransformer.__init__": {"executed_lines": [28, 29, 30, 31], "summary": {"covered_lines": 4, "num_statements": 4, "percent_covered": 100.0, "percent_covered_display": "100", "missing_lines": 0, "excluded_lines": 0}, "missing_lines": [], "excluded_lines": []}, "_ArrangeCallTransformer.leave_Call": {"executed_lines": [35, 36, 37, 38, 39, 40, 42, 43, 46, 47, 50, 51, 54, 55, 56, 57, 58, 59, 62, 63, 64, 65, 67, 70, 71, 72, 75, 76, 77, 79, 80], "summary": {"covered_lines": 31, "num_statements": 38, "percent_covered": 81.57894736842105, "percent_covered_display": "82", "missing_lines": 7, "excluded_lines": 0}, "missing_lines": [48, 49, 60, 61, 73, 74, 81], "excluded_lines": []}, "_SetAttrTransformer.__init__": {"executed_lines": [86, 87, 88, 89], "summary": {"covered_lines": 4, "num_statements": 4, "percent_covered": 100.0, "percent_covered_display": "100", "missing_lines": 0, "excluded_lines": 0}, "missing_lines": [], "excluded_lines": []}, "_SetAttrTransformer.leave_Assign": {"executed_lines": [93, 94, 95, 96, 98, 99, 101, 102, 106, 107, 108], "summary": {"covered_lines": 11, "num_statements": 13, "percent_covered": 84.61538461538461, "percent_covered_display": "85", "missing_lines": 2, "excluded_lines": 0}, "missing_lines": [103, 105], "excluded_lines": []}, "update_position_assignment": {"executed_lines": [118, 119, 120, 122, 123, 125, 126, 129, 130, 131, 134, 135, 137], "summary": {"covered_lines": 13, "num_statements": 13, "percent_covered": 100.0, "percent_covered_display": "100", "missing_lines": 0, "excluded_lines": 0}, "missing_lines": [], "excluded_lines": []}, "update_arrange_call": {"executed_lines": [145, 146, 147, 149, 150, 151, 153, 154, 157, 158, 159, 162, 163, 165], "summary": {"covered_lines": 14, "num_statements": 14, "percent_covered": 100.0, "percent_covered_display": "100", "missing_lines": 0, "excluded_lines": 0}, "missing_lines": [], "excluded_lines": []}, "_ArrangeCellTransformer.__init__": {"executed_lines": [179, 180, 181, 182, 183, 184], "summary": {"covered_lines": 6, "num_statements": 6, "percent_covered": 100.0, "percent_covered_display": "100", "missing_lines": 0, "excluded_lines": 0}, "missing_lines": [], "excluded_lines": []}, "_ArrangeCellTransformer.leave_Call": {"executed_lines": [188, 189, 190, 191, 192, 193, 195, 199, 200, 203, 204, 207, 217, 218, 219, 220, 221, 222, 223, 225, 226, 227, 228, 229, 230, 232, 233, 234, 235, 236, 237, 238, 239, 240, 243, 244, 245, 246, 249, 251, 252, 253, 254, 256, 257, 258, 259, 260, 265, 267, 268, 270, 271, 272, 274, 275], "summary": {"covered_lines": 56, "num_statements": 66, "percent_covered": 84.84848484848484, "percent_covered_display": "85", "missing_lines": 10, "excluded_lines": 0}, "missing_lines": [196, 201, 202, 241, 242, 247, 248, 263, 264, 276], "excluded_lines": []}, "update_arrange_cell": {"executed_lines": [284, 285, 286, 288, 289, 290, 292, 293, 296, 297, 298, 301, 302, 304], "summary": {"covered_lines": 14, "num_statements": 14, "percent_covered": 100.0, "percent_covered_display": "100", "missing_lines": 0, "excluded_lines": 0}, "missing_lines": [], "excluded_lines": []}, "_ArrangeCellRemoveTransformer.__init__": {"executed_lines": [311, 312, 313, 314], "summary": {"covered_lines": 4, "num_statements": 4, "percent_covered": 100.0, "percent_covered_display": "100", "missing_lines": 0, "excluded_lines": 0}, "missing_lines": [], "excluded_lines": []}, "_ArrangeCellRemoveTransformer.leave_Call": {"executed_lines": [318, 319, 320, 321, 322, 323, 325, 329, 330, 333, 334, 336, 337, 338, 339, 340, 341, 342, 343, 344, 345, 346, 347, 348, 349, 350, 351, 352, 353, 354, 355, 356, 359, 360, 361, 362, 365, 367, 368, 369, 370, 371, 372, 373, 374, 377, 407, 409, 410, 411], "summary": {"covered_lines": 50, "num_statements": 83, "percent_covered": 60.24096385542169, "percent_covered_display": "60", "missing_lines": 33, "excluded_lines": 0}, "missing_lines": [326, 331, 332, 357, 358, 363, 364, 380, 381, 382, 383, 384, 385, 386, 387, 388, 389, 390, 391, 392, 393, 394, 395, 396, 397, 398, 399, 400, 401, 402, 403, 404, 405], "excluded_lines": []}, "delete_arrange_override": {"executed_lines": [419, 420, 421, 423, 424, 425, 427, 428, 431, 432, 433, 436, 437, 439], "summary": {"covered_lines": 14, "num_statements": 14, "percent_covered": 100.0, "percent_covered_display": "100", "missing_lines": 0, "excluded_lines": 0}, "missing_lines": [], "excluded_lines": []}, "list_arrange_overrides": {"executed_lines": [447, 448, 449, 451, 452, 454, 455, 457, 518, 519, 520], "summary": {"covered_lines": 11, "num_statements": 11, "percent_covered": 100.0, "percent_covered_display": "100", "missing_lines": 0, "excluded_lines": 0}, "missing_lines": [], "excluded_lines": []}, "list_arrange_overrides._Visitor.visit_Call": {"executed_lines": [458, 459, 460, 461, 462, 463, 464, 466, 467, 470, 471, 472, 473, 474, 475, 476, 477, 478, 479, 480, 481, 482, 483, 484, 485, 486, 487, 492, 493, 494, 495, 496, 498, 499, 500, 501, 502, 503, 504, 505, 506, 507, 508, 516], "summary": {"covered_lines": 44, "num_statements": 55, "percent_covered": 80.0, "percent_covered_display": "80", "missing_lines": 11, "excluded_lines": 0}, "missing_lines": [465, 468, 469, 488, 489, 509, 510, 512, 513, 514, 515], "excluded_lines": []}, "": {"executed_lines": [1, 7, 9, 10, 11, 13, 14, 17, 18, 19, 20, 21, 24, 25, 27, 33, 84, 85, 91, 111, 140, 168, 169, 176, 178, 186, 279, 307, 308, 310, 316, 414, 442, 523], "summary": {"covered_lines": 32, "num_statements": 32, "percent_covered": 100.0, "percent_covered_display": "100", "missing_lines": 0, "excluded_lines": 0}, "missing_lines": [], "excluded_lines": []}}, "classes": {"UpdateResult": {"executed_lines": [], "summary": {"covered_lines": 0, "num_statements": 0, "percent_covered": 100.0,